country,finalworth2018_sum,finalworth2022_sum
United States,2317000,3663100
China,534000,892050
India,270000,399300
United Kingdom,214000,280900
Germany,257000,270800
Hong Kong,250000,262300
Switzerland,153000,245200
Russia,276000,221500
Australia,89000,162700
Spain,108000,98700
